id,name,email
2,Brittany Reynolds,alexanderlong@example.com
3,Michael Norman,jacksonlaura@example.com
4,Karen Kelley,fordmichael@example.org
5,Adrian Berry,angelrodriguez@example.com
6,Kathryn Holden,kimberlychambers@example.com
7,Aaron Miller,lejames@example.net
9,Andrea Thompson,wwood@example.com
10,Justin Mitchell,andresrice@example.org
11,Joseph Jones,chelsea70@example.org
12,Aaron Green,theresachen@example.com
13,Alexander Rose,ramirezjerry@example.net
15,Michael Burke,shawnporter@example.net
16,Amanda Wilson,jesusbradford@example.com
17,Leslie Long,caroline64@example.net
18,Karen Ramos,susancarlson@example.net
19,David Mcmillan,jenniferharris@example.org
20,Michael Michael,brianmathews@example.net
21,Steve Sharp,jeffrey17@example.com
22,Janice Washington,utodd@example.org
23,Dawn Bauer,robinsonchristopher@example.org
24,Charles Martin,scottbrittany@example.net
25,Matthew Fields,steven97@example.org
26,Crystal Collins,johnsondavid@example.org
28,Grace Velazquez,stephanie53@example.org
29,Steven Fisher,sandraschroeder@example.org
31,Scott Vasquez,tracyhernandez@example.org
32,Cynthia Morton,gutierrezwilliam@example.net
33,Troy Christian,stevenmeyer@example.net
34,Kimberly Merritt,vickihuff@example.org
35,Kimberly Norman,jerry33@example.net
36,Collin Moreno,alexanderhartman@example.org
37,David Sanchez,wnichols@example.com
38,Renee Green,angela41@example.org
39,David Lester,maycory@example.com
40,Timothy Frye,wilsongene@example.net
41,Jamie White,gloverthomas@example.com
42,Thomas Davis,millermarissa@example.com
43,Kimberly Wood,marymorales@example.net
44,Tracy Murray,timothyrios@example.com
45,Jane Dalton,phall@example.com
46,Timothy Novak,pearsonfrank@example.org
47,Adrian Cooper,fostermatthew@example.org
50,Stephanie Mccarthy,kingmichelle@example.net
51,Kristina Carr,maxwell13@example.com
52,Julie Bailey,omcmahon@example.com
53,Samantha Lambert,duncanrenee@example.net
54,Laura Martinez,odurham@example.com
55,Heather Allen,anthonymoore@example.org
56,David Murillo,reginald98@example.org
57,Tiffany Williams,adecker@example.org
58,Kimberly Flynn,ramirezcarolyn@example.com
59,Ann Johnson,tsmith@example.org
60,Linda King,jonathanpierce@example.net
62,Scott Salas,xmccormick@example.org
66,William Matthews,darrellsimmons@example.com
67,Jessica Maldonado,perryderrick@example.com
68,Frances Nelson,campbelljeffery@example.org
69,Mary Frank,rickyhernandez@example.net
72,Adam Lewis,anthonywilkinson@example.org
73,Brian Taylor,chandlertamara@example.net
74,Craig Miller,danielspencer@example.net
75,John Jackson,deanlucas@example.net
78,Colton Chen,kimberly15@example.com
79,Melissa Riley,lmartinez@example.org
80,Lisa Johnson,amy11@example.org
82,Adam Durham,montgomerylisa@example.com
83,Mr. Mathew Collins,sarah18@example.org
84,Mitchell Sosa,michael55@example.com
85,Victoria Blevins,xtaylor@example.com
86,Kelly Patel,omartinez@example.org
87,Matthew Lara,curtissandra@example.org
88,Tammy Cooper,zramirez@example.org
89,Mary Williams,ramirezanthony@example.net
91,Meredith Weaver,craig82@example.com
92,Joshua Pratt,valerie84@example.com
93,Suzanne Levine,evelez@example.net
94,Abigail Robinson,sarah57@example.net
97,Kelly Bennett,tanyasmith@example.com
98,Lauren Bentley,brandy14@example.net
99,Tonya Brock,leonsamantha@example.net
100,Jennifer Vazquez,maria62@example.net
101,Jonathan James,chansen@example.net
102,Tina Knox,brianmitchell@example.net
104,Jennifer Cook,deanelizabeth@example.net
106,Michael Branch,brandi53@example.com
107,Jenny Harrell,ghebert@example.org
110,Kristen Edwards,marquezgregory@example.com
112,Deborah Bradley,nhartman@example.com
115,Patrick King,brian22@example.org
116,George Smith,denise92@example.net
117,Allison Rodriguez,james40@example.com
118,Kim Perez,philipcollins@example.com
119,Lisa Freeman,adam44@example.net
120,Megan Mccarthy,reeveskimberly@example.org
125,Michael Dennis,davidparker@example.net
126,Francisco Romero,tom30@example.org
127,Connie Williams,volson@example.com
128,Darrell Byrd,alvarezpatricia@example.net
129,Katherine Thomas,millerdale@example.org
131,Ebony Clark,smithjason@example.net
132,Tina Martinez,jerrycole@example.org
133,Melissa Ayers,stephen16@example.net
134,Sabrina Smith,loganpham@example.com
135,Mark Johnson,conniefigueroa@example.org
136,Eric Garza,ernestpadilla@example.net
137,Robert Johnston,bishopjanet@example.com
139,Ashley Perez,simmonsamanda@example.com
140,Matthew Anderson,christophersmith@example.com
141,Joanna Williams,hogangary@example.com
142,Emily Ingram,chloebarr@example.net
144,Jeremiah Kemp,toddadams@example.net
148,Nathaniel Scott,ytate@example.com
149,Joseph Johnson,gclayton@example.com
150,Douglas Morgan,davismary@example.com
151,Kimberly Knox,moyermarc@example.net
152,Michael Graham,dmccarthy@example.net
153,Thomas Kim,christopher62@example.org
154,Joshua Wilson,johnsoncaroline@example.org
155,Kevin Roy,courtney99@example.net
156,Christina Reed,toddjeremy@example.net
158,Monique Sandoval,ddavis@example.org
159,Sonia Johnson,wellsmichelle@example.org
160,Kenneth Lin,jacquelinecooper@example.net
161,Matthew Burke,howellkimberly@example.net
162,Alicia Johnson,jennifer22@example.com
164,Jenna Moran,pevans@example.com
166,Eric Summers,rodriguezkeith@example.org
167,Michelle Johnson,mark44@example.com
168,Chad Hill,eric94@example.org
169,Danny Castro,austinsanchez@example.com
171,Mark Myers,lindseyhenderson@example.net
172,Charles Clark,helenfuentes@example.net
174,Andrea Carter,stephanie37@example.com
175,Karina Anderson,breanna20@example.com
177,Kaitlyn Reese,cbrown@example.org
178,Victoria Gilbert,hortonjoshua@example.org
179,David Barker,ericaharrison@example.net
180,Eric Cohen,abigail67@example.com
181,Courtney French,rpruitt@example.org
182,Angela Morgan,millerstephen@example.org
183,Javier Meyer,annegallegos@example.net
184,Charles Thomas,whitakercody@example.com
186,Amber Hanson,henryramirez@example.org
188,David Smith,connerkaren@example.net
189,Mary Black,williamswendy@example.net
192,Gabrielle Jordan,erin35@example.net
194,Meagan Baker,ovaughn@example.net
195,Michelle Morris,christine27@example.org
196,Steven Cruz,andrea48@example.com
197,Robert Clark,jacksondaniel@example.net
198,Charles Cook,nsmith@example.com
199,George Ortiz,howemichael@example.com
